Nombre;Código de sujeto;Código EIC;Tipo de SM
1;JOIN;18X0000000001RQ5;Consumidor directo mercado
18X000000000CICG;VIEPR;18X000000000CICG;Productor
18X000000000LVSK;MONCA;18X000000000LVSK;Productor
18XATAL-12345-1E;ATAL;18XATAL-12345-1E;Productor
18XBURGE-1234--I;BURGE;18XBURGE-1234--I;Productor
18XMIRAS-12345-9;MIRAS;18XMIRAS-12345-9;Productor
18XNEOSC-12345-4;NEOSC;18XNEOSC-12345-4;Productor
18XPAPELECKERSAC;PECKE;18XPAPELECKERSAC;Productor
18XPEUSA-12345-4;PEUSA;18XPEUSA-12345-4;Productor
18XTIRCA-12345-N;TIRCA;18XTIRCA-12345-N;Productor
24-7 UTILITIES;DCES;18XDANSKECOM--PG;Comercializador
3D SMART ENERGY SL;DSMAR;18X000000000LHZB;Comercializador
AB ENERGIA 1903;ABESL;18XABESL-12345-G;Comercializador
ABASTE COMERCIALIZADORA;ABAST;18X000000000FUA9;Comercializador
ABOUT WHITE SL;ABOUT;18XABOUT-1234--H;Comercializador
ACAPERSA 1997 SL;ACAPE;18X000000000M3AP;Consumidor directo mercado
ACCION ENERGIA COMERCIALIZADOR;ACCEN;18XACCEN-12345-0;Comercializador
ACENORCA;ACENO;18XACENORCASCL-S;Consumidor directo mercado
ACSOL ENERGIA GLOBAL;ACSOL;18X00000000019VC;Comercializador
ACTA HOTELES;FGACT;18X000000000KZW4;Consumidor directo mercado
ACTIVA ENERGIA;ACTIV;18X000000000G865;Comercializador
ADEINNOVA ENERGIA S.L;ADEIN;18XADEIN-12345-0;Comercializador
ADELFAS ENERGIA SL;ADELF;18XADELF-12345-5;Comercializador
ADS ENERGIA;ADSEN;18X000000000J8I6;Comercializador
ADS ENERGY 8.0 SL;ADSSM;18XADSSM-12345-E;Comercializador
ADURIZ ENERGIA;ADUR;18XADURI-12345-1;Comercializador
AE3000 AGENT COMERCIALIZADOR S;AGENT;18XAE3000AGENTC1;Productor
AGENTE DEL MERCADO ELECTRICO;AME;18XAME-123456-14;Comercializador
AGRI ENERGIA, S. A.;AGREN;18XAGREN-1234-3J;Comercializador
AGUAS DEL MARQUESADO S.L;AGMA;18XAGMA-123456-K;Consumidor directo mercado
AHORRA ENERGIA;AHOE;18X000000000HV4A;Comercializador
AHORRELUZ;ALUZ;18X0000000002ONG;Comercializador
AIRE COMERCIALZIADORA;AIREE;18X000000000HCQN;Comercializador
ALCANZIA ENERGIA;ALCAN;18XALCANZIA-ESP2;Comercializador
ALDEFE COMERCIALIZADORA DE ENE;ALDEF;18XALDEF-12345-R;Comercializador
ALDROENERGIA Y SOLUCIONES SL;ALDRO;18XALDROENERGIAI;Comercializador
ALLARLUZ, S.A.;ALLRZ;18XALLRZ-1234--H;Productor
ALMENDRA Y MIEL S.A;LOBO;18XLOBO-123456-L;Consumidor directo mercado
ALPEX IBERICA DE ENERGIA SL;ALPEX;18X0000000008VQ2;Comercializador
ALQUILER SEGURO ENERGIA SA;ALSEG;18X000000000K4EM;Comercializador
ALSET COMERCIALIZADORA;ALSEC;18X000000000H7XO;Comercializador
ALTA COMERCIALIZADOR;CODOR;18X0000000005GY6;Comercializador
ALTERNA OPERADOR INTEGRAL;LIUP;18XLIUP-123456-M;Comercializador
ALUMINA;SCREF;18XALCOASPREFINO;Consumidor directo mercado
ALUMINIOS DEL MAESTRE;ALMAE;18X18XALUMAESTRA;Consumidor directo mercado
ALUZ ENERGIA ELECTRICA;ALUZE;18X000000000JZ7L;Comercializador
AMPERIOS ENERGY TRADE;AMPER;18X000000000L409;Comercializador
ANILLACO ENERGIA;ANIEN;18X000000000IFYV;Comercializador
ANIMA;ANIMA;18X0000000006BIC;Comercializador
ANTEA ENERGIA COMERCIALIZADORA;ANTEA;18X0000000003F35;Comercializador
ANTUKO ENERGÍA, S.L;ANTUK;18X0000000007RQI;Comercializador
APA COMPRA;APA;18X000000000GRMR;Consumidor directo mercado
ARACAN ENERGIA SL;ARACA;18XARACA-12345-G;Comercializador
ARASOL;ARAS;18XARAS-123456-P;Consumidor directo mercado
ASAL DE ENERGIA;ASAL;18XASAL-123456-9;Comercializador
ASISTENCIA ENERGÉTICA S.L.;ASIE;18XASIE-123456-S;Comercializador
ASTRALCAD ENERGIA S.L.;ASTRA;18X000000000LSEK;Comercializador
ATENCO ENERGIA;ATENC;18X000000000HDW8;Comercializador
ATIR;INVEH;18X000000000LJUF;Consumidor directo mercado
ATLAS ENERGIA COMERCIAL;ATLAS;18XATLAS-12345-P;Comercializador
ATURAGUA;AST;18XASTURAGUASICF;Consumidor directo mercado
AUDAX RENOVABLES;ADXRE;18X000000000CNU2;Comercializador
AURA ENERGÍA S.L.;AURA;18XAURA-123456-J;Comercializador
AURORA ENERGIA;AUROR;18XAUROR-12345-1;Comercializador
AUSARTA PRIMA;APRIM;18X0000000003DYN;Comercializador
AVANGREEN;AVAN;18X00000000063QK;Comercializador
AYLUZ COMERCIALIZADORA;AYLUZ;18XAYLUZ-12345-Z;Comercializador
AYUNTAMIENTO DE AVILES;AVIL;18XAVIL-123456-X;Consumidor directo mercado
AYUNTAMIENTO DE CASTUERA;TUERA;18X000000000LODY;Consumidor directo mercado
AYUNTAMIENTO DE JEREZ DE LOS CABALLEROS;JEREZ;18X000000000M4FC;Consumidor directo mercado
AYUNTAMIENTO ZARAGOZA;AYTOZ;18X000000000727K;Consumidor directo mercado
BACAICOA;BACA;18X000000000CH6V;Consumidor directo mercado
BADA SA;BADAS;18X000000000M502;Consumidor directo mercado
BAHÍA DE BIZCAIA ELECTRICIDAD;BBEL;18XBBEL-12345-0R;Productor
BALEIKE;BALEI;18X000000000I1RD;Consumidor directo mercado
BANCA PUEYO SA;BAPUE;18X000000000LOA3;Consumidor directo mercado
BARBO ENERGÍAS RENOVABLES S.A.;BARER;18XBARER-12345-W;Productor
BARPER FRANCHISING SL;ESMIL;18X000000000IA7Q;Comercializador
BASSOLS ENERGIA COMERCIAL,S.L.;BECO;18XBECO-12345-3E;Comercializador
BEROIL ENERGIA ELECTRICA;BENOI;18X000000000HO5T;Comercializador
BIARPRINT SL;BIARP;18X000000000H0BF;Consumidor directo mercado
BIOENERGÍA SANTAMARÍA, S.A.;SANTG;18XSANTG-12345-Q;Productor
BIOWATT IBERICA S.L;BIOWA;18XBIOWA-1234-19;Productor
BIROU GAS SL;BIROU;18XBIROU-12345-V;Comercializador
BIZCAIA ENERGIA;BIZE;18XBIZE-12345-04;Productor
BKW FMB ENERGIE AG;BKW-H;12XBKW-HANDEL--X;Comercializador
BODEGAS BILBANAS SA;BOBIL;18X0000000006PZA;Consumidor directo mercado
BON PREU SAU;BNPRU;18X000000000GDUG;Comercializador
BP GAS EUROPE;BP;18XBP-1234567-3K;Comercializador
BSG ENERGIA;BSGEA;18X00000000079AU;Comercializador
BULB ENERGIA IBERICA SL;BULBE;18X000000000F7A4;Comercializador
BUTIK ENERGÍA SLU;BUTIK;18X000000000L3RW;Comercializador
BY ENERGYC ENERGIA EFICIENTE;BYENE;18X000000000H7WQ;Comercializador
CALERA DE ALTZO;CALEA;18X000000000BPZR;Consumidor directo mercado
CALERA DOLOMITAS;DOLNO;18X000000000BQ0K;Consumidor directo mercado
CALIDAD PASCUAL;CAPAS;18XCAPAS-12345-Z;Consumidor directo mercado
CANDELA ENERGÍA SL;CANDL;18X000000000F105;Comercializador
CAPITAL ENERGY COMERCIALIZADORA SLU;LUCEC;18X000000000GXQ1;Comercializador
CARNES ESTELLES S.A.;ESTEL;18XESTEL-1234-18;Productor
CASAT;CASAT;18X0000000001FYP;Consumidor directo mercado
CASTELLAR VIDRIO;LLAR;18X000000000BJUI;Consumidor directo mercado
CATGAS ENERGIA S.A;CATGA;18XCATGA-12345-J;Comercializador
CAUDALIA SUJETO DE MERCADO;CAUDA;18X000000000GW75;Comercializador
CEF ENERGIA;CEFEN;18XCEFEN-12345-S;Comercializador
CELLTECH S.L.U;CELL;18XCELL-123456-U;Consumidor directo mercado
CELSA;CELSA;18X0000000003VQM;Comercializador
CELULOSA DE ASTURIAS;CEASA;18XCEASA-1234-4V;Consumidor directo mercado
CELULOSA ENERGÍA, S.L;CENER;18XCENER-1234-1T;Productor
CENTRICA ENERGY TRADING A/S;NEAS;11XNEAS--------Q;Comercializador
CEPSA GAS Y ELECTRICIDAD;DETIC;18XDETI-12345-1D;Comercializador
CESUR ENERGIA;CESUL;18XCESURENERGIA2;Comercializador
CH DUERO;CHDUE;18XCHDUE-12345-9;Productor
CHC COMERCIAL DE REFERENCIA;CHCOR;18XCHCOR-12345-0;Comercializador de Referencia
CHITAHIENERGY;CHITA;18X0000000003MU4;Comercializador
CIA ENERGETICA PARA EL TABLERO;CETA;18XCETAG-1234-1S;Productor
CIDE HCENERGÍA, S.A.;CHC;18XCHC-1234567-3;Comercializador
CIMA ENERGIA COMERCIALIZADORA;CIMA;18X000000000C262;Comercializador
CLEARVIEW ENERGY;CLEAR;18X000000000KB0T;Comercializador
CLOUD ENERGY SYSTEM, S.L.;CLOUD;18X000000000JW15;Comercializador
CLUB NATACIÓN SANTA OLAYA;NSO;18XCLUBNSANTAOLL;Consumidor directo mercado
COGENERACIÓN DE BEGUDA S.A.;NOEL;18XNOEL-123456-T;Productor
COGENERADORA BURGALESA;COBUR;18XCOBUR-12345-F;Productor
COLABORA ENERGIA-ARGUS;ARGUS;18X000000000AWJ5;Comercializador
COM DE ENERGIA BENUZA Y BANESA;BABEN;18XBABEN-12345-M;Comercializador
COM ELECTRICA MONTOLIU;ELMON;18X00000000023CR;Comercializador
COMER ELEC EN ESPAÑA;GIROA;18XGIROA-12345-Z;Comercializador
COMERC ELECTRICA TALAYUELAS;CETAL;18XCETAL-12345-6;Comercializador
COMERCIAL DE FIBRAS TEXTILES DE TERRASSA SA;COFTT;18X0000000001SSZ;Consumidor directo mercado
COMERCIALITZADORA TORRES ENERG;TOREN;18X0000000001C2O;Comercializador
COMERCIALIZACION;POZO;18XELECTDELPOZOP;Comercializador
COMERCIALIZACION DE ENERGIA;MIENR;18X000000000GSE3;Comercializador
COMERCIALIZADOR;AIREL;18X000000000572N;Comercializador
COMERCIALIZADOR;ESOVO;18X000000000E060;Comercializador
COMERCIALIZADOR DE ENERGIA;NOBE;18XNOBE-123456-L;Comercializador
COMERCIALIZADOR DE ENERGÍA ELÉCTRICA;LUZSO;18X000000000F3TF;Comercializador
COMERCIALIZADOR DE ENERGÍA ELÉCTRICA;SUMIB;18X000000000F3UD;Comercializador
COMERCIALIZADORA CATALANA;COECA;18XCOECA-12345-J;Comercializador
COMERCIALIZADORA DE ENERGIA DIRECTA SL;CEDSL;18XCEDSL-12345-2;Comercializador
COMERCIALIZADORA DE ENERGÍA ELÉCTRICA;ORWEL;18X0000000008XZF;Comercializador
COMERCIALIZADORA DEL MEDITERRANEO;ENMED;18X0000000001D6D;Comercializador
COMERCIALIZADORA ELECTRICA DALBATARREC SLU;ALBCO;18X00000000023DP;Comercializador
COMERCIALIZADORA ELECTRICA PENINSULAR;CEPEN;18X0000000006X67;Comercializador
COMERCIALIZADORA ELECTRICA SUD;ELESU;18X00000000023US;Comercializador
COMERCIALIZADORA ELECTRICA VALENCIANA;SUMAE;18X000000000GW67;Comercializador
COMERCIALIZADORA ELECTRICIDAD;LUBAL;18XLUBALOO12345L;Comercializador
COMERCIALIZADORA ENERGETICA SOSTENIBLE - GRUPO EDP;CESOS;18X000000000GI7A;Comercializador
COMERCIALIZADORA ENERGÍA ELÉCTRICA;NEWCO;18X000000000G74C;Comercializador
COMERCIALIZADORA LA CHISTABINA;COMCH;18X0000000006SQJ;Comercializador
COMERCIALIZADORA LERSA SL;LER;18XLER-123456-3W;Comercializador
COMERCIALIZADORA LUZIA ENERGIA;BEYON;18X0000000008NYA;Comercializador
COMERCIALIZADORA MERCADO;SCV;18XSCV-1234567-G;Comercializador
COMERCIALIZADORA SUMINISTRO ES;COALG;18XCOALG-12345-U;Comercializador
COMPAIGNE NATIONALE DU RHONE;CNDR;11XCNR-DDSVE-FOO;Comercializador
COMPAÑIA LUMISA ENERGIAS;LUMIE;18XLUMIE-12345-G;Comercializador
COMPAÑÍA DEL SOL DE ELECTRCIDAD SL;COSEL;18X000000000M2GG;Comercializador
COMPAÑÍA ESPAÑOLA DE PETROLEOS;CEPSA;18XCEPSA-12345-6;Productor
COMPRA DE ENERGIA PARA CONSUMIDORES DEL NORTE;IENOR;18X0000000008F2O;Comercializador
COMPRA ENERGÍA PARA PRODUCIR EMBUTIDOS Y TORTILLAS;PALAC;18XPALAC-12345-H;Consumidor directo mercado
COMPRAENERGIAPARAGRUPO;TRADB;18X000000000G6S4;Consumidor directo mercado
CONECTA ENERGIA VERDE;CONEV;18X000000000F6YX;Comercializador
CONECTA2;CONEC;18XCONEC-12345-U;Comercializador
CONSORCIO ZONA FRANCA DE VIGO;CZFV;18XCZFV-123456-3;Consumidor directo mercado
CONSUMIDOR DIRECTO AYUNTAMIENTO RIVAS;RIVAS;18X00000000053OS;Consumidor directo mercado
CONTEO ENERGIA;CONTB;18X000000000JVFH;Representante
CONTOURGLOBAL LA RIOJA, S.L.;ARRUB;18XARRUB-12345-A;Productor
COOP ELECTR DE CASTELLAR, S.CV;CECA;18XCECA-123456-H;Comercializador
COOP. ELECT. CATRALENSE;CCATR;18XCCATR-12345-W;Comercializador
COOP. ELECT. NTRA. SRA. GRACIA;EBIAR;18XEBIAR-12345-9;Comercializador
COOP.ELECTRICA SERRALLO;EDFAS;18XEDFAS-12345-9;Comercializador
COOPELECSANFCODEASIS;SFAD;18XSFAD-123456-B;Comercializador
COOPERATIVA ELÉCTRICA-BENÉFICA;CEA;18XCOOPERATIVAES;Comercializador
COOPERATIVA Y OTRAS ACTIVIDADES AGRICOLAS;VIC;18XVIC-1234567-3;Consumidor directo mercado
COPO ZARAGOZA SAU;COPO;18XCOPO-123456-L;Consumidor directo mercado
CORPOLUX;CORPO;18XCORPO-12345-R;Comercializador
CORPORACION ACCIONA HIDRAULICA;ACCRO;18XACCRO-12345-9;Productor
CORPORACION ALIMENTARIA GUISSO;GUIS;18XGUIS-12345-1P;Productor
COVINIL;VINI;18XVINI-123456-2;Consumidor directo mercado
COX ENERGIA COMERCIALIZADORA;AENER;18XAVALIAENERGIN;Comercializador
CRCES;CRCES;18X000000000HFKQ;Consumidor directo mercado
CREAENERGIA ECO, S.L.U;CREAE;18X000000000M0P4;Comercializador
CRECE SOLUCIONES DE ENERGIA;CRESO;18X000000000JE5E;Comercializador
CUNTIENSE COMERCIALIZADORA;CUNC;18XCUNC-123456-H;Comercializador
CUPIRE PADESA S.L;CUPA;18XCUPA-123456-F;Consumidor directo mercado
CURENERGÍA;IBCUR;18XIBCUR-12345-8;Comercializador de Referencia
CYDAE;CYDAE;18XCYDAE14888322;Comercializador
CYE ENERGÍA S.L.;CYE;18XCYE-123456--N;Comercializador
DAIMUZ ENERGIA SL;DAIMU;18XDAIMUZSL2014M;Comercializador
DEBARU;DEBAR;18X000000000ME28;Comercializador
DEEPKI ESPAÑA SL;DEEPK;18X000000000H675;Comercializador
DIENER ENERGIA;DIENE;18X0000000004O3B;Comercializador
DILUZ COMERCIALIZADORA DE ELECTRICIDAD S.L.;DILUZ;18X000000000L8SF;Comercializador
DIPUTACION DE BADAJOZ;DIPBA;18X000000000HGOF;Consumidor directo mercado
DISA ENERGIA ELECTRICA SL;DIELE;18X0000000004IJY;Comercializador
DISTRIBUCIONES PEDRO VIVES S.L;DISP;18XDISP-123456-0;Consumidor directo mercado
DISTRIBUIDORA ELECTRICA D¿ALBA;ALBA;18XALBAT-12345-0;Comercializador
DISTRIBUIDORA ELÉCTRICA DE CATOIRA, S.A;ELCAT;18XELCAT-12345-B;Comercializador
DIVICONSULTING ENERGIA COMERCIALIZADORA;DIVIC;18X0000000004S7S;Comercializador
DIVISEGUR CyM;DIVIS;18X000000000KZX2;Consumidor directo mercado
DOMESTICA GAS Y ELECTRICIDAD;ZEREN;18X0000000000X4Z;Comercializador
DREUE;DREUE;18XDREUE-12345-D;Comercializador
DREUE AGRUPACION, S.L.;DREUA;18XDREUA-12345-C;Comercializador
DRK ENERGY COMERCIALIZADORA;DRK;18XDRK-1234567-4;Comercializador
DX COMERCIALIZADORA;DXD;18X0000000004SMZ;Comercializador
DXT COMMODITIES SA;DUFER;12X-0000001848-D;Comercializador
DYNEFF ESPAÑA SL;DYNEF;18X000000000LV8N;Comercializador
E GUIXES ENERGIA;EGEN;18XEGEN-123456-0;Comercializador
E-LUZ ENERGY SOLUTIONS, S.L.;ELUZE;18X000000000IQ0T;Comercializador
E. DE SOT DE CHERA, SOC. COOP;CHERA;18XCHERA-12345-R;Productor
EBROENERGIA COMERCIALIZADORA SL;EBROE;18X000000000I18E;Comercializador
ECO NUEVOS DESARROLLOS;ECOND;18XECOND-12345-1;Comercializador
ECOFUTURA ENERGIA;ECOFU;18X00000000024EK;Comercializador
ECONACTIVA SCOOP. DE C-LM;ECON;18XECON-123456-C;Comercializador
ECONOMICLUZ SL;ECONO;18X0000000003DII;Comercializador
ECONOMY CASH;KUUPS;18X000000000I7UQ;Consumidor directo mercado
EDF TRADING LTD;EDFT;11XEDFTRADING--G;Comercializador
EDFA CASABLANCA;EDFAC;18XEDFAC-12345-5;Comercializador
EDP CLIENTES;EDPCL;18X000000000I8HC;Comercializador
EDP ESPAÑA, S.A.;HC G;18XHCG-123456-0D;Productor
EFI-DUERO ENERGY SOCIEDAD COOPERATIVA EUROPEA LIMITADA;EFIDU;18X0000000004Y3I;Comercializador
EHN GREEN ENERGY DEVELOPMENT;EGED;18XEGED-12345-16;Comercializador
EKILUZ ENERGIA COMERCIALIZADORA SL;KREAN;18X000000000HBAL;Comercializador
ELALG;ELALG;18XELALG-12345-3;Comercializador
ELEC MUN S COLOMA DE QUERALT;STACO;18X0000000002Q2F;Comercializador
ELEC SERRANIA RONDA ENERGIA SL;RONDA;18XRONDA-12345-B;Comercializador
ELECBALEAR SL;ELECB;18X00000000014AW;Comercializador
ELECNOVA;ELECN;18XELECNOVASXXIG;Comercializador
ELECTED ENERGY;ELTED;18X000000000ITO9;Comercializador
ELECTIAPLUS;INSUR;18XINSUR-12345-L;Comercializador
ELECTRA ALTO MIÑO COMERCIALIZA;EAM01;18XEAM01-12345-F;Comercializador
ELECTRA AVELLANA COMERCIAL, S.;ELAVE;18XELAVE-12345-W;Comercializador
ELECTRA CALDENSE ENERGÍA, S.A.;ECAL;18XECAL-12345-3E;Comercializador
ELECTRA DEL CARDENER ENERGIA;ECE;18XECE-123456-3V;Comercializador
ELECTRA ENERGIA S.A.U.;EEN;18XEEN-123456-3J;Comercializador
ELECTRA NORTE ENERGIA, S.A.;NORT;18XENORT-1234-1W;Comercializador
ELECTRA VAQUER, S.A.;VAQ;18XVAQ-123456-3Z;Comercializador
ELECTRACOMERCIAL CENTELLES;CENTS;18XCENTS-12345-4;Comercializador
ELECTRICA ANTONIO MADRID;AMADR;18XELANTONIMADRV;Comercializador
ELECTRICA BENASQUE SL;ELBEN;18X0000000001SQ2;Comercializador
ELECTRICA CATRALENSE SLU;CATRA;18XCATRA-12345-K;Comercializador
ELECTRICA DE ALBATERENSE, S.L;EALB;18XEALB-123456-4;Comercializador
ELECTRICA DE CADIZ;ECADZ;18XECADZ-1234-3U;Comercializador
ELECTRICA DE CALLOSA DE SEGURA;CALLO;18XCALLO-12345-5;Productor
ELECTRICA DE CHERA;ACHER;18XACHER-12345-K;Comercializador
ELECTRICA DE GUADASSUAR, S.C.V;COELD;18XCOELD-12345-D;Comercializador
ELECTRICA DE MELIANA;EMELI;18XELECTRICADEME;Comercializador
ELECTRICA DE SUDANELL, S.L;JOSEP;18XJOSEP-12345-Q;Comercializador
ELECTRICA DE VINALESA SCV;VINAL;18XVINAL-1234--H;Comercializador
ELECTRICA DEL MONTSEC, S.L;MONTS;18XMONTS-12345-D;Comercializador
ELECTRICA POPULAR, S. COOP.;ELPOP;18XELPOP-12345-N;Productor
ELECTRICA SALAS DE PALLARS COMERCIALIZADORA;SALPA;18X00000000023BT;Comercializador
ELECTRICA SEROSENSE;ESERO;18XESERO-1234-3C;Comercializador
ELECTRICA SOLLERENSE SA;SOLL;18XSOLLE-12345-F;Comercializador
ELECTRICIDAD ELEIA SL;ELEIA;18X000000000D1QZ;Comercializador
ELECTRICITAT DALMENAR SL.;ELALM;18X0000000002CQ9;Comercializador
ELECTROROUTE ENERGY TRADING LD;EROUT;23X----110718ERI;Comercializador
ELEGA ENERGIA COMERCIALIZADORA;ELEGA;18X00000000029OM;Comercializador
ELEK COMERCIALIZADORA;ELEK;18XELEK-123456-7;Comercializador
ELEKTRIZITATS-GESELLSHAFT;EGLE;18XEGLE-12345-1U;Comercializador
ELEKTRON ENERGIA SL;ELEKT;18X000000000BN6H;Comercializador
ELEVA 2 COMERCIALIZADORA;ELVA2;18XELVA2-12345-8;Comercializador
ELEVA UNO COMERCIALIZADORA;ELVA1;18XELVA1-12345-H;Comercializador
ELITE BIOENERGÍA S.L.;ELITE;18X000000000K2TZ;Comercializador
EMILIO ESTEBAN S.A;EMES;18XEMES-123456-Q;Consumidor directo mercado
EMOTION SMART MOBILITY;EMOTI;18X000000000KXNS;Comercializador
ENARA GESTION Y MEDIACION SL;ENARA;18XENARA-12345-A;Comercializador
ENCE ENERGIA HUELVA DOS;ENCHU;18X000000000FCRT;Productor
ENCE ENERGIA PUERTOLLANO;PU100;18X000000000FCTP;Productor
ENCE ENERGÍA, S.L.;EENER;18X000000000F0ZC;Productor
ENDESA COGENER.  Y RENOVABLES;ECYR;18XECYR-12345-1R;Productor
ENDESA ENERGIA COMERCIALIZAD.;ENDCO;18XENDCO-1234-3B;Comercializador
ENDESA ENERGIA RENOVABLE;EEREN;18X000000000EGUF;Comercializador
ENDI ENERGIA;ENDI;18X000000000F9VU;Comercializador
ENELUZ;ENELU;18XENELU-12345-V;Comercializador
ENERCO CUELLAR S.L.;ENECU;18XENECU-1234-3K;Comercializador
ENERCO SOLUTION;ENEAR;18X000000000KBD3;Comercializador
ENERFIA;ENEFI;18X000000000FYXP;Comercializador
ENERGAZE;EGAZE;18X000000000LIAL;Comercializador
ENERGI DANMARK A/S;DISAM;11XDISAM-------V;Comercializador
ENERGIA ECOLOGICA ECONOMICA;ENERY;18X000000000I7WM;Comercializador
ENERGIA ELECTRICA EFICIENTE SL;EEEFI;18XEEEFI-12345-B;Comercializador
ENERGIA NUFRI;ENUFR;18X00000000037UC;Comercializador
ENERGIA OPERATIVA;EOP20;18XEOP20-12345-P;Comercializador
ENERGIA VIVA SPAIN SL;EVIVA;18XEVIVA-12345-8;Comercializador
ENERGIA Y COMERCIALIZACION EMPRESARIAL SL;EYCE1;18X0000000005UAC;Comercializador
ENERGIAPLUS;EPLUS;18XEPLUS-12345-6;Comercializador
ENERGIAS DE ESCARRILLA SL;ENDEE;18X0000000002JEC;Comercializador
ENERGIAS DE LA VILLA DE CAMPO COMERCIALIZADORA SLU;CAMCO;18X0000000003HAM;Comercializador
ENERGIAS DE PANTICOSA COMERCIALIZADORA;ENDEP;18X0000000002SAU;Comercializador
ENERGIAS DEL ZINQUETA COMERCIALIZADORA SLU;ENEAC;18X000000000J562;Comercializador
ENERGIAS ESPECIALES DEL BIERZO;EEB;18XEEB-123456-17;Productor
ENERGIAS RENOVABLES MEDITERRANEAS;MEDI;18XMEDI-12345-1Z;Productor
ENERGIAS RENOVADORAS SL;ENRNV;18X000000000M7D7;Comercializador
ENERGY BY COGEN, S.L.U;COGEN;18XENERGYBCOGENE;Comercializador
ENERGY CARVISA;CARVI;18XCARVISAENERGQ;Comercializador
ENERGY FACTORY GROUP S.L.;EFG;18XEFG-123456-1E;Comercializador
ENERGY INTERSOL 15;INSOL;18X000000000KWJ2;Comercializador
ENERGY ON BY KASUMI, SL;ENERE;18X000000000JP4K;Comercializador
ENERGY SAVE PROYECTS;ENSAV;18XENSAV-12345-F;Comercializador
ENERGY TRADER SOLUTIONS SL;ETSOL;18XENERGYTRADERK;Comercializador
ENERGY WORKS CARTAGENA, S.L.;EWCA;18XEWCA-12345-0G;Productor
ENERGYA VM ENERGIAS ESPECIALES, S.L.U.;CENES;18XCENES-12345-6;Comercializador
ENERGYA VM GENERACION S.L.U.;CEG;18XCEG-123456-1F;Comercializador
ENERGYA VM GESTION DE ENERGÍA, S.L.U;CENTE;18XCENTE-1234-3T;Comercializador
ENERGYSTROMXXI;STROM;18XENERGYSTROMXZ;Comercializador
ENERGÉTICA DEL ESTE SL;DLSTE;18X000000000EYNC;Comercializador
ENERGÍA COLECTIVA;ECOLE;18XENECOLECTIVA6;Comercializador
ENERGÍA XXI COMERCIALIZADORA;EEXXI;18XEEXXI-12345-T;Comercializador de Referencia
ENERKORE S COOP PEQUEÑA;EKORE;18X000000000D7AC;Comercializador
ENERLEK;ERLEK;18X000000000F1SN;Comercializador
ENERPLUS ENERGIA;ENPEN;18XEPLUSENERGIAN;Comercializador
ENERVER ENERGIA;ENVER;18X000000000IDF1;Comercializador
ENERXIA GALEGA MAIS;EGALE;18XENERGIAPLUS1W;Comercializador
ENGIE CARTAGENA S.L.;CARTA;18XCARTA-1234-01;Productor
ENGIE CASTELNOU;CTNU;18XCTNU-12345-0G;Productor
ENGIE ESPAÑA, S.L.U;EBLCO;18XEBLCO-1234-3U;Comercializador
ENVASES SANZ BELDA, S.L.;ESABE;18XENVSANZBELDA4;Consumidor directo mercado
EPAC COMERCIALIZADORA;EPAC;18X000000000I8L4;Comercializador
EPRESA ENERGIA S.A.U.;EPRSA;18XEPRSA-1234-3L;Comercializador
ESCANDINAVA DE ELECTRICIDAD;CEEE;18XCEEE-123456-T;Comercializador
ESDOMO ENERGÍA SL;ESDOM;18X000000000H3FZ;Comercializador
ESIPE;ESI;18X000000000GCVH;Consumidor directo mercado
ESTABANELL Y PAHISA MERCATOR;EPYM;18XEPYM-12345-3S;Comercializador
ESTACION AUTOBUSES ZARAGOZA;ESBUS;18X0000000005T7L;Consumidor directo mercado
ESTAMPACIONES METALICAS EPILA;EPILA;18X000000000LEYM;Consumidor directo mercado
ETER ENERGIA SL;ETNER;18X000000000IVL9;Comercializador
ETERNAL ENERGY;ETERE;18X000000000GQI1;Comercializador
EVOLVE ENERGIA SL;URAIV;18X000000000HVP5;Comercializador
EXTREMEÑA DE ARROCES;ARROC;18X0000000001LI2;Consumidor directo mercado
EZERO ENERGIA;EZERO;18X000000000FUYZ;Comercializador
FABRICA EMBUTIDOS;CAULA;18X000000000EWYX;Consumidor directo mercado
FABRICA FORRERIA;TEXOR;18XTEXOR-12345-S;Consumidor directo mercado
FABRICA GEISA;GEISA;18X000000000HHDY;Consumidor directo mercado
FABRICA HILOS TEXTILES;ENTEX;18X0000000001R2G;Consumidor directo mercado
FABRICA TELA;SEDAT;18X000000000GOH9;Consumidor directo mercado
FABRICA TEXTIL HILOS SINTETICOS;PONSF;18X0000000001R3E;Consumidor directo mercado
FEED ENERGIA;FEED;18X000000000JFCY;Comercializador
FEMCV;FEMCV;18XFEMUSEROSSCV3;Comercializador
FENIE ENERGIA;FEN;18XFENIEENERGIAX;Comercializador
FERTIBERIA S.A.;FERTB;18XFERTIBERIA01U;Productor
FIBRAREL, A.I.E.;FIBR;18XFIBR-12345-1A;Productor
FLAMAGAS LLINARS SLU;FLAMA;18X000000000AJ7V;Consumidor directo mercado
FLUID ELECTRIC CAMPRODON II S;FECII;18XFECII-12345-R;Comercializador
FORCES ELECTRIQUES D ANDORRA;FEDA;18XFEDA-123456-4;Comercializador
FORESTA TERRENOS;FORTE;18XFORESTATERREK;Consumidor directo mercado
FORTULUZ COMERCIALIZACION;FORTU;18XFORTULUZ----4;Comercializador
FORZAVSUNAIR;FORZA;18X000000000762I;Comercializador
FOX ENERGIA;FOX;18XFOX-1234567-J;Comercializador
FRANCISCO OLLER SA;OLLER;18X000000000CQ2C;Consumidor directo mercado
FUTURA GREEN;FUTGR;18XFUTGR-12345-V;Productor
GABA COMERCIALIZADORA DE ELECTRICIDAD SLU;GABAC;18X000000000MEVO;Comercializador
GAIA GLOBAL ENERGY SL;GGLOB;18XGGLOB-12345-5;Consumidor directo mercado
GALP ENERGIA ESPANA;GALP;18XGALP-123456-N;Comercializador
GALP POWER;GALPW;17X100A100R03991;Comercializador
GAMBASTAR S.L;GAMB;18XGAMB-123456-4;Consumidor directo mercado
GANA ENERGIA;GAOLA;18XGAOLANIASERVL;Comercializador
GAS NATURAL COMERCIALIZADORA;GNCO;18XGNCO-12345-3Q;Comercializador
GAS NATURAL SERVICIOS SDG, S.A;GNSE;18XGNSE-12345-3O;Comercializador
GAS NATURAL SUR SDG, S.A.;GNSUR;18XGNSUR-12345-A;Comercializador de Referencia
GASELEC DIVERSIFICACION SL;GDIVE;18XGDIVE-12345-E;Comercializador
GASHOGAR;SRVGS;18XSRVGS-12345-F;Comercializador
GASILUZ ECO ENERCÍA;GSLZE;18X000000000H3C4;Comercializador
GAVIPLAS;GAVIP;18XGAVIPLAS-S-LX;Consumidor directo mercado
GAZPROM MARKETING & TRADING LI;GMT;11XGAZPROM-MT--Y;Comercializador
GC2 PROYECTOS;GC2;18XGC2-1234567-A;Comercializador
GDF SUEZ TRADING;FR_GS;17X100A100R0128W;Comercializador
GENERA ENERGIA Y TECNOLOGIA;GNRA;18XGNRA-12345-15;Productor
GENERACION IBERIA S.L;GENER;18XGENERIBER001K;Productor
GENHIDRO S.L.;ANGEL;18XANGEL-12345-R;Productor
GEOAL;GEOAL;18XGEOAL-12345-9;Comercializador
GEOATLANTER S.L.;GAC;18XGEOATLANTERCD;Comercializador
GERENCIA ENERGETICA;GESL;18X000000000IHZN;Comercializador
GERENTA ENERGIA;GRTEN;18X0000000004QAS;Comercializador
GESTERNOVA S.A.;GESTE;18XGESTE-12345-N;Comercializador
GESTINER INGENIEROS, S.L.;GESTI;18XGESTI-12345-O;Consumidor directo mercado
GESTION DE ENERGIA Y MERCADOS;GEMSL;18XGEMSL-1234--H;Comercializador
GESTIONNA;GEST;18XGEST-123456-6;Comercializador
GLOBAL BIOSFERA ENERGIA;GBENE;18XGLOBALBIOSFE3;Comercializador
GLOBAL SOLAR ENERGY, S.A.;GSETT;18XGSETT-12345-M;Productor
GODAY ENERGIA;GOENC;18XGOENC-12345-O;Comercializador
GOIENER S.COOP;GOIEN;18XGOIEN-12345-8;Comercializador
GOMA CAMPS SA;GOCAM;18X000000000GF9F;Consumidor directo mercado
GRAFICAS VARIAS SA;GRAFV;18X000000000F7EX;Consumidor directo mercado
GRANDES CONSUM. INDUSTR. S.L.;FORTI;18XFORTI-12345-2;Comercializador
GREEN HOUSE ENERGY SOLUTIONS, S.L.;GREAH;18X000000000LVRM;Comercializador
GRINYO ENERGIA;CRECE;18X000000000HOEB;Comercializador
GRUPO ADI;GADIE;18X000000000J2FU;Comercializador
GRUPO EMPRESARIAL ENCE S.A - C;ENCEG;18XENCEG-1234-14;Productor
GRUPO ENDESA GENERACION;ENDG;18XENDG-12345-0G;Productor
GRUPO IBERSOGAS ENERGIA SL;LASAM;18X0000000003B87;Comercializador
GRUPO INCARVE;INCA;18XINCA-123456-G;Consumidor directo mercado
GUASCOR PURINES GUASCID;GUAID;18XGUAID-12345-0;Productor
GUERO;GUERO;18X000000000F5IV;Consumidor directo mercado
Gurbtec energia, SL;GURBT;18X000000000JVWK;Comercializador
HANWHA;ESHAN;18X000000000GB6X;Comercializador
HARINAS POLO;HAPO;18X0000000007EE7;Consumidor directo mercado
HEFAME;HEFAM;18XHEFAM-12345-C;Comercializador
HELIA COOPV;HELIC;18X0000000009ENI;Comercializador
HELIOELECENERGIA ELECTRICAYGAS;HELEC;18X0000000008WVQ;Comercializador
HELIOS ENERGIA INTELIGENTE;HELEI;18X000000000KJSN;Comercializador
HENAR ENERGIA;HENAR;18X0000000004W6I;Comercializador
HIDRO NITRO ESPAÑOLA, S.A.;HDE;18XHDESG-1234-1Y;Productor
HIDROBESORA SERVICIOS SL;HIDSE;18X0000000001ZE5;Comercializador
HIDROCANTABRICO ULTIMO RECURSO;HCCUR;18XHCCUR-12345-9;Comercializador de Referencia
HIDROCANTÁBRICO ENERGÍA COMERC;HCENE;18XHCENE--123-3S;Comercializador
HIDROELECTRICA DEL VALIRA SL;VALI;18XVALI-12345-3M;Comercializador
HIDROELECTRICA LUMYMEY SL;LUM1;18XLUM1-123456-L;Comercializador
HIDROELÉCTRICA EL CARMEN ENERGÍA, S.L;HECEN;18XHCARMENENERG1;Comercializador
HIDROJERTE;HIDRJ;18XHIDRJ-12345-S;Productor
HISPAELEC;HISPE;18XHISPE-1234-3C;Comercializador
HISPANO TEX;MELUL;18XMELUL-12345-N;Consumidor directo mercado
HOLALUZ CLIDOM;CLIDM;18XCLIDM-12345-4;Comercializador
HORECA ENERGIA SL;HORE;18XHORECAENERGIR;Comercializador
HORNEO ELABORACION;HORNA;18X000000000N037;Consumidor directo mercado
HORNO INDUSTRIAL DE PAN;FLECA;18X0000000000FB1;Consumidor directo mercado
HOTEL SILOS;SILOS;18X0000000006PEF;Consumidor directo mercado
HOY ENERGIA S.L.;HOYEN;18X000000000LZ1P;Comercializador
HSAT21 ENERGIA SL;HSATE;18X000000000M510;Comercializador
HUERTA DEHESA EL ALCORNOCAL SL;IBTOS;18X000000000KAY1;Consumidor directo mercado
HULLERAS DEL NORTE S.A.;HUNOS;18XHUNOSA-1234-0;Productor
IBERCOEN ENERGIA SA;IBERC;18X0000000007AK7;Comercializador
IBERDESA SUJETO DE MERCADO;IBERD;18X000000000FEAK;Comercializador
IBERDROLA CLIENTES;IBCLI;18XIBCLI-12345-V;Comercializador
IBERDROLA ENERGÍA SOLAR DE PUE;LLANO;18XPUERTOLLANOO6;Productor
IBERDROLA GENERACION;IBEG;11XIBERDROLA-013;Productor
IBERDROLA GENERACION ESPAÑA;IBGES;18XIBGES-12345-4;Comercializador
IBERDROLA GENERACION NUCLEAR;IGNU;18XIGNU-123456-1;Productor
IBERDROLA GENERACION TERMICA;IBGT;18X000000000A32F;Productor
IBERDROLA SERVICIOS ENERGETICO;IBSEN;18X0000000009KQV;Comercializador
IBERELECTRICA COMERCIALIZADORA;GALA1;18XGALA1-12345-B;Comercializador
IBERICA DE SUSPENSIONES;IBSUS;18X000000000L433;Consumidor directo mercado
IBERICA IMPULSA, S.L;IBERB;18X000000000K1YS;Comercializador
IGNIS COMER ELECTRICA;IGNIS;18XIGNIS-12345-C;Comercializador
IGNIS GENERACIÓN S.L.;CYDDP;18X0000000002A2Q;Productor
ILANDS AND BUILDINGS;LAND;18XLAND-123456-J;Consumidor directo mercado
IM3ENERGIA;IM3;18XIM3ENERGIASLH;Comercializador
IMPRESIONES PRATO;IPRAT;18X000000000IGQ7;Consumidor directo mercado
INCOGAS;ICGAS;18XICGAS-12345-W;Comercializador
INDEXO ENERGIA;INDEX;18XINDEXOENERGIR;Comercializador
INDUSTRIAS JIJONENCAS S.A.;INDUS;18X000000000K4DO;Consumidor directo mercado
INER1CO1;INER1;18XINER1-12345-W;Comercializador
INGAROIL;INGAR;18XINGAR-12345-K;Productor
INGEBAU SOLUCIONES DE MEDIDA;ISMSL;18X000000000F2DD;Comercializador
INGEM ENERGIA SL;INGEM;18X000000000IFXX;Comercializador
INICIATIVA E.NOVA;IENOV;18XIENOV-12345-N;Comercializador
INMOBILIARIA DE CONSTRUCCIONES;ICASA;18XICASA-12345-6;Comercializador
INNOVA DESARROLLO Y EFICIENCIA;INDES;18X0000000002LMR;Comercializador
INSIGNIA ENERGIA;INSIG;18XINSIG-12345-I;Comercializador
INSIGNIA RENOVABLES;INREV;18X000000000F2LY;Productor
INTEGRACION EUROPEA DE ENERGIA;INTEG;18XINTEG-12345-A;Comercializador
INTEGRASTEL;IATEL;18X0000000009565;Comercializador
INTERCOT;SASER;18XSASER-12345-M;Consumidor directo mercado
INTERENERGIA ENERGY TRADING COMPANY;INTEA;18X000000000L6I4;Comercializador
INTRAENERGIA REPRESENTACION SL;INTRA;18XINTRAENERGIAP;Comercializador
INUSK01;INUSK;18X000000000IJJC;Comercializador
INVESYDE COMERCIALIZADORA;ISYDE;18X000000000FUC5;Comercializador
ION ENERGÍA;ION;18XENERGIAEUROPT;Comercializador
IRIS ENERGIA EFICIENTE;IRIS;18X0000000008IYP;Comercializador
ISABA;EZKAI;18X0000000007DUF;Comercializador
ISLA LUZ DE CANARIAS SL;ISLAL;18X0000000009BBE;Comercializador
ITALCOGENERACION;ITACO;18XITACO-1234-1Z;Productor
ITURBEGI S.L.;ITURB;18XITURB-12345-R;Productor
J.ARON & COMPANY;JARON;11XJARON-------M;Comercializador
JIMTE;JIMTE;18X000000000GFD7;Consumidor directo mercado
JUAN ENERGY COMERCIALIZADORA;JUANX;18X000000000HBED;Comercializador
JUNTA ANDALUCIA;JDALU;18XJDALU-12345-J;Productor
KALCUS ADVANCE;KALCS;18XKALCS-12345-T;Comercializador
KANUI ENERGIA;KAEN;18XKAEN-12345-1B;Productor
KILOWATIOS VERDES SL;KILVE;18X0000000002KI1;Comercializador
KIPIN ENERGY SL;TERUG;18X000000000F1YB;Comercializador
KISHOA COMERCIALIZADORA;KISHO;18X0000000004GBJ;Comercializador
KODL CAPITAL SL;KODLC;18X000000000IVZI;Comercializador
KONERY EFICIENCIA ENERGTICA;KONRY;18XKONRY-12345-5;Consumidor directo mercado
KWFVI ENERGÍA, S.L;KWFVI;18X000000000HTJN;Comercializador
LA CORRIENTE S COOP;LACOR;18X000000000BFEP;Comercializador
LA UNIÓN ELECTRO INDUSTRIAL, S;LAUEI;18XLAUEI-12345-O;Comercializador
LABOIL ENERGIA SL;LABOI;18XLABOI-12345-M;Comercializador
LIDERA COMERCIALIZADORA ENERGIA SL;LIDER;18X000000000JXBJ;Comercializador
LIDERGIA;LDGIA;18XLIDERGIACOMMR;Productor
LITERA MEAT SLU;LITER;18X000000000LOYT;Consumidor directo mercado
LONJAS TECNOLOGIA S.A.;LMER;18XLMER-123456-J;Productor
LOOP ELECTRICIDAD;LEDCE;18XLEDCE-12345-Y;Comercializador
LOVE ENERGY;LOVEE;18X000000000H9K7;Comercializador
LOWCOSTPOWER;LCOST;18X000000000ITIL;Comercializador
LUCIÉRNAGA COMERCIALIZADORA;LUCIE;18X0000000004P62;Comercializador
LUISM;LUISM;18X000000000H0KY;Consumidor directo mercado
LUMENAZA GMBH;LUMEN;11XLUMENAZA----N;Representante
LUX FORUM SLU;LUX;18XLUX-1234567-H;Comercializador
LUZ DEL PUEBLO S.L.;LUZDA;18X000000000MG9P;Comercializador
LUZIERNA ZERO SL;LUZER;18X000000000LPIL;Comercializador
LUZSE;LUZSE;18X000000000FX4C;Comercializador
MACEB;MACEB;18X000000000I9I7;Consumidor directo mercado
MADRILADORA ALPESA;ALPES;18XALPES-12345-0;Consumidor directo mercado
MAFRESA IBERICO DE CONFIANZA;MFRSA;18X000000000EYOA;Consumidor directo mercado
MANCHASOL-2,CENTRAL TERMOSOLA;ASOL2;18XASOL2-12345-H;Productor
MARRUECOS;ONE;18XONE-123456-6M;Comercializador
MARTIN LOPEZ DE PETROLEOS;MARTB;18X000000000KYSF;Comercializador
MAS INTELIGENCIA;MASIN;18XMASINTELIGEN8;Comercializador
MASQLUZ 2020;MASQL;18X000000000H7YM;Comercializador
MATADERO EL CABEZO DE LA PLATA;PLATA;18X0000000001VL3;Consumidor directo mercado
MATADERO MOIA;MOIA;18XMOIA-123456-Y;Consumidor directo mercado
MEGARA ENERGIA SOC COOP;MEG;18XMEG-1234567-D;Comercializador
MENTA ENERGIA;MENTA;18X000000000FYDS;Comercializador
MERCURIA ENERGY TRADING SA;MERCU;12XMETSA-------C;Comercializador
MET ENERGÍA ESPAÑA, S.A.U.;METEN;18X0000000001WNX;Comercializador
MIE ENERGIA SL;MIENE;18X000000000FS5P;Comercializador
MIGRA ENERGIA;MIGA;18X000000000LFIE;Comercializador
MINAI SERVICIOS ENERGETICOS;MINAI;18X000000000GSF1;Comercializador
MINAS DE ALCANTARA SL;MINAL;18X00000000014VR;Consumidor directo mercado
MODISPREM;MODI;18XMODI-123456-9;Consumidor directo mercado
MOLECOR;MOLE;18XMOLE-123456-Z;Consumidor directo mercado
MONEGROS SOLAR;MONEG;18X000000000AZAE;Productor
MOSCOSO ENERGIA;MENER;18XMENER-12345-X;Comercializador
MOSTOCONS;MOSTO;18X000000000I19C;Consumidor directo mercado
MOVHERA - HIDROELETRICAS DO NORTE SA;MOVHE;16XMOVHE-------W;Comercializador
MULTIENERGIA VERDE;MULTI;18XMULTI-12345-G;Comercializador
MULTISERVICIOS TECNOLOGICOS SA;MULTA;18XMUL-1234567-P;Comercializador
MUNICIPAL DE SERVICIOS VILLAHE;MSVSL;18XMSVSL-12345-O;Comercializador
MY ENERGIA ONER S.L.;MYEN;18XMYENERGIAONEZ;Comercializador
MYENXXI;MYENX;18X000000000KR0I;Comercializador
NABALIA ENERGIA;NABAL;18XNABAL-12345-Z;Comercializador
NATURGY CLIENTES, S.A.;NYCLI;18X000000000ME36;Comercializador
NATURGY GENERACIÓN S.L.U.;GNFG;18XGNFG-123456-N;Productor
NATURGY RENOVABLES;GNCE;18XGNCE-12345-3F;Comercializador
NEMON INTELLIGENCE IN BUSINESS;NEMON;18XNEMON-12345-4;Comercializador
NEOELECTRA ENERGÍA SLU;NEOEN;18XNEOEN-12345-8;Comercializador
NEURO ENERGIA;NEURO;18X00000000074FZ;Comercializador
NEXT ENERGiA XXI SL;NEXAM;18X000000000KQZP;Comercializador
NEXUS ENERGIA;NEXU;18XNEXU-12345-1F;Comercializador
NEXUS RENOVABLES, S.L.;NRENO;18XNRENO-12345-B;Comercializador
NINOBE SERVICIOS ENERGETICOS;NINOB;18XNINOBESERVIC8;Comercializador
NIVAPLAST RECICLADOS;NIVA;18XNIVA-123456-O;Consumidor directo mercado
NOBLE CLEAN FUELS LIMITED;NOBLE;11XNOBLE-------F;Comercializador
NORTELECTRICA SA;NORE;18X0000000006N8X;Comercializador
NOSA ENERXIA SCG;NOSA;18XNOSA-123456-M;Comercializador
NOSTRA ENERGIA SL;NTRA;18XNTRA-123456-A;Comercializador
NOVALUZ ENERGÍA SL;NVLZE;18X000000000F1RP;Comercializador
NRG COMERCIALIZACIÓN ENERGIA  S.L.;NRGCO;18X000000000KTYI;Comercializador
NUEVA COMERCIALIZ ESPAÑOLA SL;NCE;18XNCE-1234567-9;Comercializador
OCTOPUS ENERGY ESPANA SLU;UMEME;18X000000000EWHU;Comercializador
ODF ENERGIA LIBRE;ODF;18XODF-1234567-A;Comercializador
OHM EYG COMERCIALIZADORA;OHMEY;18X000000000JNZ1;Comercializador
OHMIA ELECTRA;OHMIA;18X0000000004RPW;Comercializador
OK_TU_ENEGIA_VERDE;OKENE;18X000000000ITP7;Comercializador
OLE GREEN ENERGY;OLE;18XOLE-123456--N;Comercializador
OLIVES AND PICKLES;OLIVA;18X000000000KUDK;Consumidor directo mercado
OLIVIA COMERCIALIZADORA SLU;OLIVC;18X000000000B73Y;Comercializador
ON DEMAND FACILITIES;ONDEM;18XONDEMAND----Q;Comercializador
ONSE;ONS;18X000000000BTUP;Consumidor directo mercado
OPERADOR DEL SISTEMA;REE;10XES-REE------E;Operador del sistema
OPPIDUM;OPPI;18XOPPI-123456-O;Comercializador
OSUNA MISSSION;OSUNA;18X0000000000EQB;Consumidor directo mercado
P. E. DEL ALTIPLANO;PEALT;18XPEALT-12345-C;Productor
P.E. BECERRIL S.L.;PEBEC;18XPEBEC-12345-2;Productor
PE SIERRA DE AGUAS;PARAW;18X000000000LH5Y;Productor
PELLET ASTURIAS;PEL;18X18XPELLETSASW;Consumidor directo mercado
PENIBETICA DE ENERGIA SLU;PENIB;18X000000000KUBO;Comercializador
PEPE ENERGY SL;PEPE;18XPEPE-123456-Z;Comercializador
PETRONAVARRA SL;NAVAR;18XNAVAR-12345-K;Comercializador
PETRONIEVES ENERGIA COMERCIALI;PESL;18XPESL-123456-6;Comercializador
PIENSOS DARUZ;DARUZ;18XPIENSOSDARUZV;Consumidor directo mercado
PIPEX COMPRA;PIPEX;18X000000000J6DM;Consumidor directo mercado
PIZARRAS EL CARMEN;PCSA;18XPCSA-123456-T;Consumidor directo mercado
PIZARRAS LA BAÑA;LABA;18XLABA-123456-X;Consumidor directo mercado
PIZARRAS MATACOUTA S.A;MATA;18XMATA-123456-7;Consumidor directo mercado
PLANA CAN GUITART S.L.;PLACG;18XPLANACG-1234D;Productor
PLANETGY SL;NETGY;18X000000000GQ1Z;Comercializador
PLANTA MECA-BIOLOGICA BOTARELL;BOTAR;18XBOTAR-12345-U;Productor
PLANTA SOLAR HELIOS I, S.L.;HELIO;18XPSHELIOSI000N;Productor
PLASPISA SA;PLAS;18XPLAS-123456-D;Consumidor directo mercado
PLASTIC 7A;PLSTC;18X000000000LIYA;Consumidor directo mercado
PLASTIENVASE;SPGG;18X0000000009MEC;Consumidor directo mercado
PONTS COMERCIALITZADORA MUNICI;PONTC;18X0000000002NA8;Comercializador
POTENZIA COMERCIALIZADORA SL;POTEN;18X0000000000T66;Comercializador
POWER WATT ENERGY;SUNCA;18X0000000006YAX;Comercializador
POWER WATT ENERGY S L;POW;18X000000000FJS6;Comercializador
POWERMART APS;POWER;23X-POWERMART--8;Comercializador
PREMIUM ENERGIA;PREMI;18XPREMIUMENERG8;Comercializador
PRODUCCIONES JOSE MANUBENS;PRODU;18X000000000KTTS;Consumidor directo mercado
PRODUCTOS  CHURRUCA;CHURR;18X000000000N045;Consumidor directo mercado
PROSOL ENERGÍA COMERCIALIZADORA SL;PROSA;18X000000000KYF4;Comercializador
PROT ENERGIA COMERCIALIZACION;PROTC;18XPROTENERGIACD;Comercializador
PULSAR ENERGIA;PULSA;18XPULSA-12345-M;Comercializador
QUASAR ENERGIA;QENER;18X0000000007UJN;Comercializador
RAUL Y ANGEL ELECTRICA;RAYAN;18X000000000DDEN;Comercializador
RCM ENERGIA GROUP SL;RCMEN;18X000000000KJ6U;Comercializador
RECICLAJE ECOLOGICOS BARATHEON;WATIO;18X000000000H3GX;Comercializador
RECICLAJE ECOLOGICOS DISPROSIO;ECOLU;18X000000000H3HV;Comercializador
RECICLAJES ECOLGICOS CHANDUY;CHAND;18X000000000HNI6;Comercializador
RECICLAJES ECOLOGICOS NAGINI SL;NAGIN;18X000000000JXI5;Comercializador
REGISITI COM. REGULADA;EONUR;18XEONUR-123456S;Comercializador de Referencia
RELAX ENERGIA;RELAX;18X000000000CMQD;Comercializador
REMICA COMERCIALIZADORA;REMIC;18XREMIC-12345-0;Comercializador
REMO RENOVABLES S.L.;REMOR;18X000000000KJRP;Comercializador
RENEWABLE ENERGY OPTIMISATION;SOREX;48X000000000264N;Comercializador
RENEWABLE VENTURES SLU;RENEW;18XRENEW-12345-Y;Comercializador
RENOVAE CONSULTING;RCONS;18X000000000IL6W;Comercializador
REPCOM EYG;VIEE;18XVIEE-12345-36;Comercializador
REPRESENTANTE COLEGIOS MARISTAS;MARPI;18X0000000000KWI;Consumidor directo mercado
REPSOL GENERACIÓN ELECTRICA;VIEG;18XVIEG-12345-0T;Productor
REPSOL PETROLEO SA;REPP;18XREPP-12345-0T;Productor
REPSOL SERVICIOS RENOVABLES SA;REPSB;18X000000000KUYF;Representante
RESPIRA ENERGIA;RSPRA;18XRSPRA-12345-N;Comercializador
RESPIRA ESPAÑA;RSPRE;18X0000000000BY4;Comercializador
REYSE ENERGIA SL;REYSE;18XREYSE-12345-9;Comercializador
RNB SL;RNBB;18XRNBB-123456-B;Consumidor directo mercado
ROEGNER SL;ROEGN;18X000000000LW4S;Comercializador
ROFEICA ENERGIA, S.A.;ROFEN;18XROFEN-12345-9;Comercializador
ROMA ENERGIAS COMERCIALIZADORA;ROMA;18X0000000008ZNX;Comercializador
RONDA OESTE ENERGIA;OESTE;18XOESTE-12345-U;Comercializador
SALTOS DEL JUCAR HIDRAULICA;SJUCA;18XSJUCA-12345-S;Productor
SAMPOL INGENIERIA Y OBRAS;SAMP;18XSAMP-12345-1L;Productor
SAPIENS ENERGIA COOPS;SAPIE;18X000000000K1HP;Comercializador
SATSP;SATSP;18X000000000HFLO;Consumidor directo mercado
SCL MTRA SRA DEL PRADO;PRADO;18X0000000001MMS;Consumidor directo mercado
SENEO, COOP.V.;SENEO;18XSENEO-12345-J;Comercializador
SERV. ENER. DE ALTA EFICIENCIA;SEDAE;18XSEDAE-12345-0;Comercializador
SERVEI D INCINERACIÓ DELS RESI;SIRUS;18XSIRUSA------T;Productor
SERVICIO EXTREMEÑO DE SALUD;SEXTS;18X0000000008GQA;Consumidor directo mercado
SEVEN TRADE SOLUTIONS SL;SEVEN;18X000000000J5ZI;Comercializador
SHAREYOURENERGY;SYENE;18X000000000LH9Q;Comercializador
SHELL ENERGY;SHEEN;18XSHEEN-1234-6L;Comercializador
SHELL ESPAÑA, S.A.;SHELL;18XSHELL-1234-3C;Comercializador
SIGNO ENERGY, S.L.;SIGNO;18X000000000ITMD;Comercializador
SILLEDA COMERCIALIZADORA;HSCOM;18X0000000000WIA;Comercializador
SIMPLES ENERGIA DE ESPAÑA SL;SIMPE;18X0000000000CJV;Comercializador
SMURFIT KAPPA NERVION, S.A.;SMURF;18XSMURF-12345-J;Productor
SNIACE S.A.;SNIA;18XSNIA-123456-5;Productor
SOCIEDAD ARAGONESA;VIRTM;18X000000000HNBK;Comercializador
SOCIETAT MUNICIPAL DE COMERCIA;COTIR;18X0000000004GUI;Comercializador
SOCIETE D'ELECTRICITE ET GAZ;SONGZ;18XSONGZ-1234-66;Comercializador
SOLAR EAAS, S.L.;SOLAB;18X000000000JQIQ;Comercializador
SOLARPACK ENERGY;SPACK;18X000000000KUZD;Comercializador
SOLELEC IBÉRICA;JAAIE;18XJAAIE-12345-7;Comercializador
SOLUCIONES PREMMIA ENERGIA;PTROL;18X000000000HB9N;Comercializador
SOLWE ENERGÍA;SOLWE;18X000000000JVBP;Comercializador
SOM ENERGIA COOPERATIVA;SOMEN;18XSOMEN-12345-U;Comercializador
SOM RENOVABLES SL;SOMRE;18X000000000FAVR;Productor
SPINREACT SAU;SPINR;18X0000000005ZAY;Consumidor directo mercado
STATKRAFT MARKETS GMBH;SMG;11XSTATKRAFT001N;Comercializador
STIN SA;STIN;18X-ROTOSTIN01-1;Comercializador
SUAVIZANTES Y PLASTIFICANTES BITUMINOSOS;SPBB;18XSPBB-123456-B;Consumidor directo mercado
SUCA SOCIEDAD COOPERATIVA;SUCAS;18X0000000001I6Z;Comercializador
SUJETO DE MERCADO RELUZCA;RELUZ;18X000000000IS2J;Comercializador
SUJETO ENERPLUS;ENERP;18XENERP-12345-G;Comercializador
SULAYR;SULA;18XSULA-12345--K;Consumidor directo mercado
SUMINISTROS DE GAS Y LUZ EUROPA COMERCIALIZADORA;EURCO;18X0000000006LIJ;Comercializador
SUNAIR ONE ENERGY;SUNAI;18XSUNAI-12345-W;Comercializador
SUNAIR ONE HOME;SUNHO;18XSUNAIRONEHOME;Comercializador
SWAP ENERGIA;SWAPE;18XSWAPE-12345-0;Comercializador
SYNERGY;SYNER;18X0000000009OMR;Comercializador
TALARN ENERGIA ELECTRICA;TALEN;18X00000000023AV;Comercializador
TARRAGONA POWER S.L;TAPOW;18XTAPOW-1234-0O;Productor
TAUTRA ENERGIA;TAUTR;18X000000000KFBW;Comercializador
TECNOLOGY  SD;TECHN;18X000000000LEHJ;Consumidor directo mercado
TELECOR REPRESENTANTE CONSUMIDORES DIRECTOS;TLCOR;18X000000000I3YU;Consumidor directo mercado
TELEFÓNICA SOLUCIONES;TSOL;18XTSOLUCIONES1N;Comercializador
TENSINA DE ENERGIA Y SERVICIOS;TENDE;18X0000000002JY9;Comercializador
TEXTIL OLIUS SA;TEXTI;18X000000000LQ0H;Consumidor directo mercado
TEXTIL PUIG UBACH SA;TEXTB;18X000000000M3UM;Consumidor directo mercado
TEXTIL VALOR;VALOR;18X000000000H0CD;Consumidor directo mercado
TGB SA;TGBSA;18X0000000006RMU;Consumidor directo mercado
THE ENERGY HOUSE GROUP, S.L.;HOUSE;18XHOUSE-12345-Q;Comercializador
THERMOLYMPIC S.L;THER;18XTHER-123456-C;Consumidor directo mercado
TIPMEGA, S.A.;TIP;18XTIP-123456-1H;Productor
TOMCOEX;TOMCO;18X000000000LFEM;Consumidor directo mercado
TORTOSA ENERGIA, S. A.;TORTE;18XTORTE-1234-1I;Productor
TOTAL GAS;TOTGA;11XTOTAL-------8;Comercializador
TOTAL GAS Y ELECTRICIDAD ESPAA SAU;TGYE;18X00000000050WL;Comercializador
TOTALENERGIES CLIENTES S.A.U.;NATGA;18XNATGA-1234-3Y;Comercializador
TRACTAMENT I SELECCIO DE RESID;TERSA;18XTERSA--123-1S;Productor
TRACTAMENTS DE JUNEDA;TRJUN;18XTRACJ-12345-L;Productor
TRAILSTONE RENEWABLES GMBH;TSRDE;11X0-0000-0518-U;Comercializador
TU COMERCIALIZADORA DE ENERGIA LUZ DOS TRES;URANO;18X000000000HTIP;Comercializador
TUCAN ENERGIA;TUCAN;18X000000000J6HE;Comercializador
TUNERGIA;CONTA;18X000000000J4MA;Comercializador
TVITEC SYSTEM GLASS;TEVI;18X00000000039IU;Consumidor directo mercado
ULTREYA SOLUCIONES SL;ULSOL;18X000000000I8J8;Comercializador
UNIELECTRICA;UNEL;18XUNIELECTRICAI;Comercializador
UNIVERSIDAD DA CORUÑA;UDDC;18XUDDC-123456-N;Consumidor directo mercado
UNNA GREENENERGY SERVICES, S.L;UNNAG;18X000000000KBGY;Comercializador
URANOSCOPIDAE III ENERGÍA, SOCIEDAD LIMITADA;URAII;18X000000000HVO7;Comercializador
URANOSCOPIDAE V ENERGIA S.L.;URANA;18X000000000LDBY;Comercializador
URBENER;URBEN;18XURBEN-12345-F;Comercializador
UTTEM-TRM;UTTEM;18XUTTEM-12345-O;Productor
V3JCOMENERGY;V3JCE;18XV3JCOMENERGY6;Comercializador
VALLES PLASTIC FILM, S.L.;VPFIL;18XVPFIL-12345-Y;Consumidor directo mercado
VALORITZACIONS AGROMADERES;VAGSL;18XVAGSL-12345-T;Productor
VALPUREN BAÑUELO;VALPB;18XVALPB-12345-K;Productor
VALPUREN COMATUR;VCOMA;18XVCOMA-12345-2;Productor
VERDELUZ;VDLUZ;18X000000000LTAP;Comercializador
VILLACHAM;VCHAM;18X000000000I8IA;Consumidor directo mercado
VILLAR MIR ENERGÍA,S.L.;GVME;18XGVME-123456-I;Comercializador
VIRGIN ELECTRIC COMERCIALIZADORA;VIRGI;18X0000000003K2T;Comercializador
VIRTUAL POWER PLANT SE;VPPSE;18XVIRTUALPOWERH;Comercializador
VIRTUS GLOBAL ENERGY;VIRTU;18X0000000007V2H;Comercializador
VISALIA ENERGIA SLU;VISAL;18X000000000CAIS;Comercializador
VISCOCEL S.L.U;SNIVI;18XSNIVI-12345-Z;Consumidor directo mercado
VIT PLASTC, S.L.;VITPL;18XVITPLASTICSLC;Consumidor directo mercado
VITA ENERGY CONSULTING SL;VITEC;18X000000000L86M;Representante
VIVA ENERGIA Y SOLUCIONES SL;VIVA;18X0000000002MQG;Comercializador
VIVA LUZ;VIVAL;18X0000000000KXG;Comercializador
VIVO ENERGIA FUTURA;VIVO;18X0000000000JQX;Comercializador
VODAFONE ENERGIA SL;VODAF;18X000000000MSK4;Comercializador
WARTSILA IBÉRICA S.A.;WARTS;18XWARTS-12345-7;Productor
WATIO WHOLESALE;WWHOL;18XWWHOL-12345-3;Comercializador
WATIUM SL;WATIU;18XWATIU-12345-3;Comercializador
WE GO COMERCIALIZADORA DE ENER;WEGO;18X0000000006YUU;Comercializador
WIBERLUZYGAS;WIBER;18X000000000IHWT;Comercializador
WIND TO MARKET;WMARK;18XWMARK-1234-18;Comercializador
WOMWATT ENERGY SL;NEOWC;18X0000000008XEK;Comercializador
XENERA COMPAÑÍA ELÉCTRICA S.A.;ENERG;18XENERG-12345-N;Comercializador
YELLOW ENERGY;YELLO;18XYELLO-12345-4;Comercializador
ZELTRIA ENERGIA;ZELTR;18XZELTRIAENERGN;Comercializador
ZEREP CARBONICAS Y AGUAS;ZERE;18XZERE-123456-V;Consumidor directo mercado
ZERMATT POWER, SL;ZRMTT;18X000000000KBRC;Comercializador
ZULUX ENERGIA;ZULU;18X000000000FBK9;Comercializador
